ChainNode,QuickNode,Alchemy
2.7450486s,1.6737614s,1.2672717s
693.3596ms,345.6334ms,387.5342ms
496.2872ms,391.3126ms,396.0365ms
703.5004ms,312.3711ms,397.6699ms
405.9455ms,316.8852ms,286.9545ms
217.6941ms,546.9716ms,343.3374ms
1.0789379s,530.3577ms,391.833ms
284.2989ms,292.2302ms,397.7599ms
214.6262ms,348.4473ms,352.7268ms
205.6057ms,826.343ms,300.5756ms
